Network_Latency,Buffer_Occupancy,Packet_Loss_Rate,CPU_Utilization,Bandwidth_Demand,Jitter_Queue_Delay,Quality_Score_QoS,Load_Tier
18.23,18.78,4.45,60.95,24.76,29.77,62.47,High_Load
75.04,51.66,4.14,44.12,85.84,3.26,67.24,Normal
20.34,13.8,3.84,58.87,80.03,34.07,69.73,High_Load
32.67,36.49,2.27,42.26,60.65,11.2,32.68,Normal
42.62,73.92,2.16,21.36,92.15,18.36,84.62,Low_Load
103.8,70.82,2.56,89.26,92.42,20.05,59.41,Overload
81.6,90.03,0.57,96.64,86.7,8.46,26.28,Overload
67.23,76.04,4.05,50.36,24.45,2.48,61.76,Normal
8.34,28.29,2.81,73.53,39.59,18.33,28.93,High_Load
89.38,86.92,4.47,49.98,54.0,9.95,78.18,Normal
50.42,56.94,3.15,78.35,45.54,39.61,52.79,Overload
97.24,81.82,1.66,81.2,19.06,4.32,45.51,Overload
34.26,88.41,0.86,40.56,86.32,28.18,31.24,Normal
11.54,80.46,0.3,18.6,36.21,33.05,88.83,Low_Load
104.66,43.51,1.54,97.61,38.56,21.9,24.5,Overload
30.42,60.85,1.67,73.41,79.92,15.04,69.88,High_Load
51.57,46.78,2.21,74.96,40.63,2.73,74.36,Overload
41.35,69.0,3.0,69.05,83.25,24.12,96.42,High_Load
13.82,51.2,0.48,20.44,20.56,33.15,47.69,Low_Load
101.97,20.9,1.4,19.32,79.49,9.49,71.28,Low_Load
102.63,64.77,1.0,55.66,42.79,6.29,38.43,High_Load
116.72,27.4,2.97,81.89,34.13,24.6,43.24,Overload
49.32,73.32,2.64,96.27,63.29,21.96,83.56,Overload
114.77,18.98,3.1,63.31,37.68,6.12,62.47,High_Load
56.26,10.62,1.05,22.75,67.95,23.6,20.65,Low_Load
82.02,38.43,0.2,44.04,74.44,25.96,64.14,Normal
14.49,92.39,0.27,93.26,90.37,8.77,65.6,Overload
108.17,69.58,2.11,69.43,38.77,27.03,62.8,High_Load
39.27,45.16,3.96,50.98,93.87,29.83,37.8,Normal
35.17,20.26,2.47,94.8,98.72,9.0,25.11,Overload
5.59,15.13,2.41,77.65,61.13,10.47,44.87,Overload
67.47,71.73,2.49,28.62,43.25,30.42,62.53,Low_Load
59.69,86.96,2.37,26.92,96.39,4.57,69.43,Low_Load
78.18,11.36,4.0,69.41,82.55,17.31,36.86,High_Load
117.49,59.65,1.9,96.32,60.78,32.56,76.21,Overload
109.5,71.93,3.71,82.27,71.12,13.54,23.63,Overload
109.67,34.84,3.76,74.43,85.21,5.77,47.43,High_Load
65.4,54.44,2.71,78.89,36.46,16.01,61.65,Overload
16.96,79.26,0.97,28.52,20.79,19.4,85.42,Low_Load
25.81,60.69,3.51,55.57,56.79,9.38,80.37,High_Load
114.6,42.18,0.12,65.73,50.27,1.37,69.46,High_Load
52.37,16.59,0.33,30.72,27.46,15.21,51.35,Normal
104.48,51.39,2.66,19.48,46.49,6.06,94.83,Low_Load
82.3,49.8,1.21,36.71,55.07,7.29,29.62,Normal
77.31,25.43,1.26,88.67,54.22,31.55,94.02,Overload
36.69,15.96,0.29,18.42,60.1,18.13,70.38,Low_Load
108.13,53.21,4.05,38.92,55.56,10.85,76.28,Normal
28.79,38.21,2.55,22.8,84.57,11.9,54.2,Low_Load
51.51,28.23,0.2,71.51,14.81,26.24,60.33,High_Load
119.26,18.05,2.62,35.92,95.99,37.0,69.2,Normal
89.61,81.22,3.19,56.07,20.42,39.86,50.05,High_Load
56.18,40.18,3.24,39.55,13.26,19.79,72.73,Normal
69.48,80.28,2.06,88.17,96.44,23.5,27.63,Overload
52.29,12.21,1.97,74.88,87.5,2.29,62.17,High_Load
88.6,10.19,1.32,31.39,96.34,39.4,27.76,Normal
50.91,88.58,4.26,66.43,99.54,39.67,54.24,High_Load
82.07,67.28,3.57,26.21,62.66,10.32,96.37,Low_Load
86.04,94.56,4.46,39.72,59.38,27.42,30.42,Normal
75.1,50.76,4.09,45.21,33.43,29.76,91.59,Normal
67.1,23.53,1.89,48.98,20.7,28.19,46.78,Normal
28.7,90.94,2.02,92.62,82.74,22.7,50.95,Overload
27.9,24.12,2.84,19.19,71.83,20.11,48.29,Low_Load
96.51,41.39,1.53,82.15,28.16,17.9,88.95,Overload
38.39,89.44,0.24,66.9,90.09,23.38,41.72,High_Load
80.44,16.94,0.82,82.98,56.71,28.25,56.04,Overload
39.46,48.59,2.55,36.77,27.56,31.0,76.56,Normal
21.62,85.42,2.46,16.49,55.06,26.35,22.08,Low_Load
51.46,37.15,4.38,21.6,20.48,8.2,56.17,Low_Load
40.68,91.83,2.44,21.67,64.07,33.86,68.71,Low_Load
32.99,94.78,3.04,29.05,83.64,13.48,24.71,Low_Load
72.63,51.31,1.29,29.43,31.67,11.89,87.19,Low_Load
33.21,37.31,1.83,72.57,60.24,12.05,43.67,High_Load
90.99,92.74,0.41,70.61,25.51,20.66,93.44,High_Load
87.82,94.89,2.05,17.63,81.34,28.49,49.04,Low_Load
84.95,47.84,0.97,61.8,36.79,30.83,73.99,High_Load
16.82,13.8,0.38,92.2,97.28,28.62,80.4,Overload
113.52,48.0,3.59,62.58,61.34,2.78,76.89,High_Load
62.88,70.36,0.72,50.71,45.68,14.9,31.7,Normal
108.46,63.22,4.03,27.44,61.77,28.39,50.95,Low_Load
27.84,67.01,0.9,67.87,11.27,22.76,92.85,High_Load
73.36,92.61,3.67,47.13,81.82,37.86,43.38,Normal
116.02,66.27,3.96,39.96,65.06,26.93,98.71,Normal
119.85,17.77,0.14,24.63,91.95,37.12,84.04,Low_Load
7.78,60.13,2.82,40.05,95.37,11.8,91.4,Normal
60.35,27.98,3.66,29.09,82.98,31.08,57.47,Low_Load
38.51,77.58,4.18,43.72,17.16,6.3,81.79,Normal
12.33,39.78,2.67,30.71,98.23,27.97,33.63,Low_Load
70.51,52.71,3.55,70.17,76.71,25.64,37.82,High_Load
5.58,69.8,2.32,83.44,75.37,27.02,90.79,Overload
75.3,24.59,2.65,77.89,44.45,33.74,72.04,Overload
105.07,61.09,1.14,49.82,16.8,20.3,79.35,Normal
106.61,23.6,1.98,35.22,52.87,27.79,98.93,Normal
114.75,80.26,2.96,62.24,15.05,12.09,88.68,High_Load
90.08,38.28,1.34,89.55,61.87,19.71,54.2,Overload
26.24,56.47,2.03,76.53,80.42,35.68,54.63,Overload
54.99,80.61,4.26,72.51,53.26,27.9,71.42,High_Load
106.88,92.37,0.57,46.1,55.64,4.76,78.27,Normal
34.33,37.84,1.86,29.64,36.63,4.95,68.71,Low_Load
55.98,17.51,3.6,29.17,11.17,19.22,36.39,Low_Load
75.95,91.9,0.55,97.44,52.64,34.6,49.33,Overload
